purchased.after.visit,ad.show,prev.purchase,site.visit,IP.ID,visit.ID,time.spent.onwebsite,activity.level
0,0,1,0,2655087,5074783,3,2
0,0,0,0,3721239,3067685,2,3
0,0,0,0,5728533,4269076,4,3
0,0,0,0,9082076,6931019,1,2
1,1,1,1,2016819,851360,3,2
0,0,0,0,8983893,2254366,1,2
0,0,0,0,9446748,2745304,2,4
0,0,0,0,6607974,2723049,4,3
0,0,0,0,6291136,6158289,2,3
0,0,0,0,617863,4296712,1,1
0,0,0,0,2059744,6516551,1,2
0,0,0,0,1765566,5677372,2,2
0,0,2,0,6870221,1135089,2,4
0,0,1,0,3841033,5959246,1,3
0,0,0,0,7698404,3580495,1,2
0,1,1,1,4976985,4288088,1,2
0,0,0,0,7176174,519033,4,2
0,0,1,0,9919045,2641773,3,2
0,0,0,0,3800345,3987901,5,2
0,0,0,0,7774438,8361326,3,2
0,0,0,0,9347034,8647195,2,2
0,0,0,0,2121421,6153512,2,2
0,0,0,0,6516724,7751082,2,2
0,0,0,0,1255549,3555679,3,2
0,0,0,0,2672201,4058490,3,2
1,1,2,1,3861132,7066452,2,3
0,1,2,1,133903,8382855,4,1
0,0,0,0,3823870,2395885,1,2
0,0,0,0,8696885,7707694,2,4
0,0,0,0,3403481,3558968,2,2
0,0,0,0,4820787,5355955,1,2
0,0,1,0,5995640,930879,6,3
0,0,0,0,4935398,1698025,1,1
0,0,1,0,1862170,8998295,2,3
0,0,0,0,8273706,4226362,2,2
0,0,0,0,6684644,7477439,1,2
0,0,0,0,7942371,8226497,3,3
0,0,0,0,1079433,9546502,1,2
0,0,0,0,7237082,6854420,2,4
0,0,0,0,4112729,5005013,5,2
1,1,3,1,8209431,2754828,3,2
0,0,1,0,6470576,2289031,2,3
1,1,1,1,7829295,144339,4,3
0,0,1,0,5530340,7289615,7,2
0,0,0,0,5297173,2498794,4,3
0,0,1,0,7893527,1611826,3,3
0,0,1,0,233311,170426,1,3
0,0,0,0,4772279,4860981,2,2
0,0,0,0,7323103,1028997,2,4
1,1,2,1,6927282,8015431,2,4
0,0,1,0,4776173,3543263,2,1
0,0,0,0,8612051,9364278,3,3
0,0,0,0,4380949,2458652,3,1
0,1,0,0,2447960,4731390,1,1
0,1,2,1,706787,1915599,2,2
0,0,0,0,994657,5832188,2,3
0,0,1,0,3162700,4594707,3,1
0,0,0,0,5186314,4674314,4,2
0,0,0,0,6620013,3998303,1,4
0,0,1,0,4068278,5052827,3,1
0,0,0,1,9128705,318880,2,2
0,0,1,0,2936016,1144669,1,3
0,0,0,0,4590629,4689326,1,1
0,1,1,1,3323926,3969843,1,3
0,0,0,0,6508664,8336139,3,2
0,0,0,0,2580152,7611168,2,2
0,0,0,0,4785421,5733527,3,1
0,1,1,1,7663056,4475051,2,3
1,1,2,1,842464,838015,5,3
0,0,0,0,8753153,2191371,2,2
0,0,0,0,3390706,755698,4,3
0,0,0,0,8394344,5344230,2,4
0,0,0,0,3466810,6413520,2,2
0,1,1,0,3337725,5257355,2,2
1,1,2,1,4763478,392811,4,2
0,0,1,0,8921917,5458558,5,2
0,0,1,0,8643330,3727603,4,3
0,0,1,0,3899866,9612951,1,2
0,0,0,0,7773147,2573396,2,3
0,0,1,0,9606105,2079501,1,2
0,0,0,0,4346561,8613756,1,2
0,0,1,0,7125090,4643883,1,3
0,0,0,0,3999911,2228657,6,3
0,1,1,0,3253495,6235445,4,1
1,1,1,1,7570808,2036460,5,2
0,0,0,0,2026906,196733,5,3
0,0,0,0,7111152,7979862,4,2
1,1,1,1,1216909,2743166,4,2
0,0,1,0,2454864,1666077,3,2
0,0,0,0,1433032,1701503,2,2
0,0,0,0,2396273,4885016,1,3
0,0,0,0,589339,7114027,1,3
0,0,0,0,6422824,5919295,2,3
0,0,0,0,8762611,5171521,3,2
1,1,1,1,7789074,3816241,2,4
1,1,2,1,7973013,8347704,2,3
0,0,0,0,4552701,2490057,5,3
0,0,0,0,4100802,5405958,1,3
0,0,1,0,8108623,7438322,3,4
0,0,1,0,6049274,300116,2,4
1,1,2,1,6547174,3443401,4,4
0,0,1,0,3531938,613220,2,3
0,0,0,0,2702574,3689761,6,2
0,0,0,0,9926739,4075894,2,2
0,0,0,0,6334867,9143273,1,2
0,1,1,1,2132059,8886960,1,3
0,0,1,0,1293710,9837218,1,2
0,0,0,0,4781130,4771902,2,1
0,0,0,0,9240645,6935008,3,3
1,0,1,1,5987545,4257419,2,3
0,0,0,0,9761600,7841580,1,2
1,1,2,1,7317844,8426867,4,2
0,0,0,0,3567230,1834701,3,2
0,0,0,0,4314689,5285337,3,3
0,0,1,0,1482099,7029396,4,1
0,1,1,0,130775,9132623,1,2
0,0,0,0,7155578,2591710,1,4
0,1,0,0,1031831,7926155,1,2
0,0,1,0,4462791,6144624,1,2
1,1,6,1,6400935,7006122,3,3
0,1,2,1,9918268,1079320,3,3
0,0,0,0,4955876,3338618,4,2
0,0,0,0,4843437,3241277,3,2
0,0,0,0,1734403,5654189,1,1
0,0,1,0,7548116,2031757,4,3
0,0,0,0,4538899,2197018,6,2
0,1,0,0,5111634,6331074,1,2
0,0,0,0,2075425,3525161,2,1
0,1,1,0,2286553,8568623,1,1
0,0,0,0,5957044,9507094,3,4
0,1,3,1,5748648,8880200,1,3
0,0,1,0,770634,468582,2,2
0,1,0,0,355402,7690304,2,1
0,0,0,0,6427870,2302224,4,4
0,0,1,0,9286028,3151799,1,3
0,0,0,0,5980844,2826658,4,2
0,0,0,0,5608932,7131860,2,2
0,0,0,0,5260206,8621262,1,4
0,1,0,0,9850817,1063221,3,4
1,1,1,1,5076348,5503202,3,3
0,0,0,0,6827786,6483605,2,4
0,0,0,0,6015328,2347834,1,3
0,0,0,0,2388653,762962,2,1
0,0,1,0,2581623,9230819,2,2
0,0,0,0,7292992,1472146,4,2
0,1,1,0,4525643,8223785,1,2
0,0,0,0,1751243,4135124,2,2
0,1,2,1,7466873,6125117,1,2
0,0,0,0,1049861,681195,2,2
0,0,0,0,8645321,9041188,2,3
1,0,2,1,6146358,8795301,5,3
0,0,0,0,5571512,1971139,7,4
0,1,2,1,3287724,694587,2,1
0,0,1,0,4531246,1573372,1,1
0,0,0,0,5004333,3334517,4,3
0,0,0,0,1808636,1800590,1,2
0,1,2,1,5296224,1464805,1,4
0,1,2,1,752746,2905709,2,2
0,1,2,0,2777516,9360541,3,2
0,0,0,0,2126962,1024589,2,2
0,1,0,0,2847860,7233404,3,2
0,0,1,0,8950797,5163932,5,4
0,0,0,0,4462281,4118929,1,1
1,1,4,1,7799722,4132586,2,3
0,0,0,0,8806046,7620320,4,4
0,0,0,0,4131174,2591723,1,2
0,0,1,0,638075,7631772,1,2
0,0,1,0,3354819,9823885,2,2
0,0,0,0,7237138,6701078,1,4
0,1,4,1,3376097,5899180,1,2
0,0,0,0,6304035,5630893,3,2
0,0,2,0,8406002,7617838,2,2
0,0,1,0,8561170,7452846,2,3
1,1,1,1,3913526,7078151,5,2
0,0,0,0,3804873,9867911,1,1
0,0,1,0,8954298,4516231,2,2
0,1,1,1,6443045,1182154,1,3
0,1,1,1,7410656,2386311,2,4
0,0,1,0,6052927,4705144,2,3
0,1,0,1,9030655,3523168,1,4
0,0,0,0,2937249,3385692,1,2
0,1,0,1,1912567,1272990,1,3
0,0,1,0,8864349,4240662,3,4
0,0,0,0,5033303,4733022,4,3
0,0,0,0,8770415,5277123,4,2
0,0,1,0,1891902,6269421,3,2
0,0,0,0,7580890,8760098,2,2
0,0,0,0,7244854,6791444,2,2
0,0,0,0,9437071,7240504,5,2
0,0,0,0,5476363,1818443,1,2
0,1,2,1,7117304,778541,2,2
0,0,0,0,3888977,721961,1,3
0,0,0,0,1008712,540616,5,3
0,0,0,0,9272842,5172635,5,3
0,0,1,0,2832271,8140358,1,2
0,0,0,0,5905617,4490397,3,2
0,0,0,0,1103585,5588840,2,2
0,0,0,0,8404905,2798746,4,4
1,1,2,1,3179574,8900765,3,2
0,0,0,0,7828358,7158351,2,3
0,0,0,0,2675029,2230840,2,2
0,1,1,1,2186409,5358843,1,2
0,0,0,0,5167864,6625158,2,2
0,0,0,0,2689452,8480534,7,3
0,1,1,0,1811647,1491801,2,3
0,1,1,1,5185656,6700857,2,2
0,0,1,0,5627714,7616200,3,3
0,1,0,0,1291542,9986138,3,2
0,0,0,0,2563623,2632918,1,3
0,0,0,0,7179203,8851676,2,3
0,0,1,0,9613898,7133271,3,3
0,0,0,0,1001388,6706079,8,3
0,1,1,0,7632066,7456738,2,3
0,0,0,0,9479462,4134740,3,3
0,0,0,0,8186172,486526,2,2
0,0,0,0,3082858,7646684,3,3
0,0,0,0,6495655,8480463,1,2
0,0,0,0,9533348,5321512,2,2
0,1,2,1,9537119,8703113,2,3
0,0,0,0,3399718,1237025,1,1
0,0,1,0,2624684,1002432,3,2
0,1,0,0,1654503,6869627,1,2
0,0,0,0,3221610,8705040,5,3
0,0,0,0,5101139,7706351,1,3
0,0,1,0,9239478,3212685,4,4
0,0,0,0,5109483,2293992,4,2
0,0,0,0,2576155,3760838,2,3
0,0,0,0,464599,8037750,5,1
0,0,0,0,4178468,8223144,3,1
0,0,1,0,8539820,3883021,3,4
1,1,2,1,3472227,5307336,2,2
0,0,0,0,1314393,4558305,2,2
0,0,0,0,3744782,8507926,5,2
0,0,0,0,6314056,2175157,3,2
0,0,0,0,3900699,7709039,2,1
0,0,0,0,6896117,2756329,2,4
1,1,2,1,6893972,8953384,2,2
0,0,1,0,5548875,5236268,1,2
0,1,2,1,4296142,8291576,3,2
1,1,2,1,4527093,7354223,3,3
0,1,2,1,3064360,3151208,1,1
0,0,0,0,5783401,5483025,2,2
0,0,0,0,9103483,5803723,3,2
0,0,0,0,1426007,540403,1,2
1,1,3,1,4150375,4873280,3,2
0,0,0,0,2109206,7093834,2,2
0,0,1,0,4287399,1159274,1,2
0,0,0,0,1326867,8957697,1,2
0,0,0,0,4600851,7335634,2,3
0,0,1,0,9429336,7339841,1,3
0,0,0,0,7619549,1801427,2,3
0,0,0,0,9328865,8750908,1,4
0,0,0,0,4706667,5982110,2,1
0,0,0,0,6035728,2177070,3,2
0,0,0,0,4849774,1439729,4,2
0,0,1,0,1088036,8168400,2,2
0,0,0,0,2477205,3579265,2,1
0,1,1,1,4985018,4407250,2,1
0,0,0,0,3728571,1137142,1,2
0,1,2,1,9346672,8316506,1,3
0,0,0,0,5239725,9235045,6,3
0,0,1,0,3171364,2971892,2,2
0,0,0,0,2779588,7367562,4,1
0,0,0,0,7875198,4139912,4,3
0,1,0,1,7024440,229221,1,2
0,0,0,0,1650233,3904045,2,2
0,0,0,0,644559,2476660,1,1
0,0,0,0,7546855,4668382,4,3
0,0,1,0,6203935,3227296,1,4
0,0,1,0,1695723,8781549,8,3
0,0,0,0,622124,1627823,2,2
0,0,0,0,1090264,9953461,1,2
0,0,0,0,3817060,6897983,2,1
0,0,0,1,1693063,2276393,1,2
0,0,0,0,2986444,7660037,3,1
1,1,2,1,1922043,9909086,4,3
0,0,1,0,2571630,7476887,3,2
0,0,1,0,1812269,7294436,3,2
0,0,0,0,4773005,8301341,1,1
0,0,0,0,7707156,259799,2,3
1,1,1,1,277864,469333,2,2
0,0,0,0,5272960,9955876,2,3
0,1,1,1,8802943,1140627,3,3
0,1,0,0,3730529,9288776,2,2
0,0,0,0,479578,248078,2,2
0,0,0,0,1386243,9714815,2,3
0,1,4,1,3214830,9292944,1,3
0,0,0,0,1548272,5554690,1,1
0,0,0,0,1322244,6452109,4,3
0,0,0,0,2212996,8764308,2,2
0,1,3,1,2263743,8567361,4,1
0,0,0,0,1314128,9681521,4,3
1,1,2,1,9815348,7021488,2,3
0,0,0,0,3270042,9937633,6,2
1,1,1,1,5069246,5405993,3,3
0,1,0,0,6814225,4486930,2,3
0,0,0,0,991662,9094894,3,2
0,0,0,0,1188991,942265,4,2
0,0,0,0,504382,5347417,1,1
0,0,1,0,9292262,1618326,11,3
0,1,2,1,6736921,3478497,2,2
0,0,0,0,948551,79924,1,2
0,0,0,0,4925813,4013328,1,2
1,1,2,1,4615379,5883329,3,3
0,0,0,0,3752052,8759497,2,2
0,0,0,0,9910690,7085210,3,3
1,1,2,1,1763454,1935884,2,2
0,0,0,0,8134103,3817538,6,4
0,0,1,0,684446,1930532,2,2
0,0,0,0,4004374,8169522,1,2
0,0,0,0,1411400,101427,1,1
1,1,3,1,1933039,3635978,5,2
0,0,0,0,8413255,7286588,4,3
1,1,2,1,7198915,3989528,5,2
0,0,0,0,2672037,8749019,4,1
0,1,1,1,4949861,1357121,1,1
0,0,0,0,831113,1151442,4,1
0,0,0,0,3538731,1967229,5,1
1,1,2,1,9691780,570516,3,2
0,0,0,0,6246943,5874036,1,4
0,0,0,0,6645970,7431517,2,2
0,0,0,0,3124797,5831082,2,3
0,0,0,0,4056766,2913532,2,2
0,0,0,0,9960452,9977698,1,3
0,0,1,0,8550547,6988130,3,3
1,1,3,1,9535175,2587901,3,2
0,0,2,0,8122787,2421422,3,3
0,1,3,1,7821566,3808504,2,4
0,0,0,0,2678694,3303528,1,2
0,0,1,0,7621265,9642106,2,4
0,0,0,0,9862791,2490935,2,2
0,0,0,0,2935959,5806293,1,2
0,0,0,0,3993379,8312286,1,3
0,1,0,1,8121045,2040607,6,2
0,0,0,0,771491,710262,1,1
0,0,0,0,3636847,7510451,1,2
0,0,0,0,4425776,5728815,1,2
0,0,0,0,1567089,7418833,1,1
0,0,0,0,5821856,756201,4,3
0,1,0,0,9701293,9233287,2,4
0,0,0,0,9894662,1276813,4,3
0,0,0,0,1764461,7661426,3,2
0,0,0,0,5421119,3391892,3,2
0,0,0,0,3842908,1189265,5,2
0,1,2,0,6761408,5572047,1,3
0,0,0,0,2692845,1373627,2,3
0,0,0,0,4692348,8558581,1,3
0,0,0,0,1717942,8455217,1,2
0,1,0,1,3691767,2840598,2,2
0,0,0,0,7253800,8100553,3,4
1,1,2,1,4861321,8991995,4,3
0,0,0,0,638003,9768920,1,3
0,1,0,0,7845187,5902686,2,2
0,0,0,0,4183069,6510801,4,2
0,0,0,0,9809834,3787185,1,4
0,0,0,0,2828740,4774962,1,2
0,0,0,0,8478520,8313998,2,3
0,0,0,0,822363,8105231,2,2
0,0,0,0,8864271,7084110,3,2
0,0,0,0,4719138,7280540,6,1
0,0,1,0,1090971,6647448,1,2
0,1,3,1,3332660,2901545,2,1
0,1,2,1,8373863,7400234,1,3
0,0,0,0,2768398,2776039,2,2
0,0,1,0,5870138,868634,2,2
0,0,0,0,8367018,6365715,2,3
0,1,2,1,711515,4213092,1,1
0,1,2,1,7027530,3614442,1,4
0,0,0,0,6987989,7321146,6,4
0,1,2,0,4639453,9571352,1,3
0,1,2,1,4369150,9806536,2,3
0,0,0,0,5621560,3680815,4,3
0,0,0,0,9284487,3800606,1,3
0,0,1,0,2304579,840500,1,1
0,0,0,0,2218055,6107162,1,2
1,1,1,1,4202002,4784218,3,2
0,0,1,0,3335083,7552886,1,2
0,0,0,0,8647750,3147981,1,3
0,0,0,0,1771879,5184694,5,1
0,0,0,0,4933001,739652,1,2
1,1,2,1,4296971,5449757,5,3
0,0,0,0,5642424,3980796,5,4
0,0,0,0,6561373,8401805,3,3
0,0,0,0,9785166,8238016,1,3
0,1,1,1,2321523,2478784,2,1
0,1,1,1,2408024,4164738,1,3
0,0,0,0,7968054,1007872,2,3
1,1,2,1,8316396,5236013,2,2
0,0,0,0,1135034,709547,5,2
0,0,0,0,9632746,2122299,2,2
0,0,1,0,1473172,3769456,2,2
0,0,0,0,1436214,6727537,1,3
0,0,1,0,9251937,442207,2,4
0,0,0,0,5070157,6817141,2,3
0,0,1,0,1548450,884220,1,2
0,1,0,0,3482883,7336679,1,2
0,0,0,0,6597949,1352052,3,3
0,1,0,0,3117600,6168799,2,2
0,1,2,1,3515595,1357603,1,2
0,0,0,0,1478399,9088928,5,1
1,1,4,1,6588513,8878794,3,3
0,0,0,0,1850626,6854840,1,1
0,0,1,0,9543398,6296058,1,4
0,0,1,0,8978124,7507950,1,4
0,0,0,0,9436590,9177403,2,2
0,1,1,0,7236615,3600557,1,4
0,1,1,0,3703421,8083759,1,1
1,1,3,1,7809858,2131842,1,4
0,0,1,1,111491,1398836,1,2
0,0,0,0,9402703,2984953,3,2
0,0,0,0,9937085,6899616,3,4
0,1,2,1,3573911,6854313,1,3
0,0,1,0,7476043,8537090,3,2
1,1,2,1,7928763,5905441,2,4
0,0,0,0,7058298,1012124,2,2
0,0,1,0,4758053,250359,2,2
0,0,0,0,4946340,4232009,2,2
1,1,3,1,3080397,1446453,4,2
0,0,0,0,6949832,976417,1,3
0,0,1,1,8227589,4626396,2,3
0,0,0,0,4346994,5563894,3,1
0,1,0,0,5147110,6179575,2,3
0,0,0,0,6629830,8964365,5,3
0,0,0,0,1431606,8696995,2,2
0,0,0,0,3444728,3330382,2,3
0,0,1,1,4057464,9589401,2,2
0,1,3,1,853074,341721,1,1
0,0,0,0,9325322,9997737,2,4
1,1,3,1,8383482,6377576,2,4
0,0,1,0,8793956,6621857,1,2
0,0,0,0,9356723,887529,1,3
0,0,0,0,724576,889481,4,3
0,0,0,0,3787431,7603978,2,2
1,1,1,1,5378417,1803498,4,3
0,0,0,0,1050456,3405615,4,1
1,1,1,1,8016529,510464,2,3
1,1,1,1,7396095,3277681,5,3
0,0,0,0,521468,3002617,2,3
0,0,1,0,4821485,1488950,3,3
0,1,0,0,9204775,8871699,2,4
0,0,0,0,415267,3709766,4,2
1,0,1,1,2939789,9960085,8,1
0,0,0,0,5008284,3886397,3,3
0,0,0,0,6097220,1337087,1,3
0,0,1,0,2642374,6672556,1,2
0,0,0,0,4230798,5932393,1,3
0,0,1,0,3665473,3791738,2,2
0,0,0,0,9424632,9144335,3,3
0,0,0,0,1237181,4773961,2,3
0,0,0,0,700296,2141090,3,2
0,0,0,0,9642737,7683434,2,3
0,1,2,1,4424902,9273508,1,3
0,0,0,0,3702557,5387362,1,1
0,1,1,0,1702359,351493,6,2
0,0,0,0,541880,9485004,1,2
0,0,0,0,6577982,3602378,3,2
0,0,1,0,5781356,7124361,1,3
0,0,1,0,9870567,2742870,1,3
0,0,1,0,6037648,9081276,1,3
0,0,0,0,649470,152188,2,1
0,1,2,1,1621017,3901722,1,2
0,0,0,0,4753761,2347354,2,2
0,0,0,0,19328,1026210,2,2
0,1,1,1,4414388,3663299,1,1
1,1,2,1,2609177,4016044,2,2
0,0,1,0,9383702,3316763,1,3
0,0,0,0,7158000,5071524,2,2
0,0,0,0,1630779,9902793,2,2
1,1,1,1,4761658,6469100,3,2
0,1,0,1,6902244,5862074,2,3
0,0,0,0,4608736,7869495,3,2
0,0,0,0,9551018,8705849,3,3
0,0,0,0,7125065,2002549,2,4
0,0,1,0,3971292,3928798,1,1
0,0,0,0,1177151,137099,1,2
0,0,0,0,2401049,6951310,3,3
0,0,0,0,8635895,1296420,2,2
0,0,0,0,4359557,3565793,2,1
0,1,1,1,4978443,899057,1,2
0,0,0,0,6918946,370618,2,2
0,0,1,0,7602768,9457203,2,3
0,0,0,0,1553938,1321066,1,2
0,0,1,0,8494162,7716528,3,4
0,0,1,0,9467721,2379897,3,2
1,1,1,1,5883908,8056399,3,3
1,1,1,1,5022265,9204337,2,4
0,0,0,0,1897707,6536043,1,1
0,0,0,0,18368,6493109,3,2
0,0,0,0,8775353,6946316,4,3
0,1,2,1,1341048,2826058,1,3
0,0,0,0,227402,4512096,3,2
0,0,0,0,9390906,2503216,1,3
0,1,1,0,2929344,5368569,1,3
0,0,0,0,1643185,2560205,1,1
0,1,0,1,3990829,3601988,1,1
0,0,0,0,4595527,4714811,1,3
0,0,0,0,4340094,3595347,2,1
0,1,2,1,5169842,3116871,1,4
0,1,1,1,8462037,8481171,1,2
0,0,0,0,551616,3813532,3,1
0,0,0,0,5541494,8594162,2,4
0,1,2,1,6882408,9875466,1,2
0,0,1,0,6580246,8242339,4,3
0,1,3,1,6633094,2906232,2,2
0,0,0,0,4722105,720324,11,2
1,1,2,1,9694793,5588602,2,3
0,0,0,0,4021768,1824387,1,2
0,0,0,0,8495091,844957,1,2
0,0,0,0,7566065,2481296,2,2
0,1,1,0,5325742,9064972,3,2
0,1,0,0,8741051,8561031,1,2
0,0,1,0,4670913,7820558,2,3
0,0,0,0,81281,2443265,1,2
0,0,0,0,7277297,3138391,5,4
0,0,1,0,7165527,1284687,1,3
0,0,1,0,1874168,9298993,1,1
0,0,1,0,6460340,1368356,7,4
0,0,0,0,5419513,5854534,1,3
0,1,1,0,3353034,1555451,2,2
0,0,1,0,6378757,6447454,2,3
0,0,1,0,8291580,6591645,3,3
1,1,2,1,7089383,9809726,3,3
0,1,2,1,3485322,6835469,1,1
0,0,1,0,1283212,9986581,2,2
0,0,0,0,3880582,99058,1,2
0,0,0,0,9281289,6036370,1,3
1,1,3,1,8043485,5064581,5,3
0,1,0,1,7586569,6078659,1,3
0,0,0,0,9571994,8365001,1,3
0,0,0,0,9938614,9998347,3,4
0,0,0,0,6064089,7899371,4,3
0,0,0,0,293757,9597217,1,3
0,0,0,0,3364275,5475713,1,3
0,0,0,0,2776433,7856573,3,2
0,1,0,1,1171913,74124,3,1
0,0,0,0,432160,7488578,1,3
0,0,1,0,3702900,5123468,2,1
1,1,4,1,3368603,69395,2,3
0,1,0,0,1736433,3685112,3,3
0,0,0,0,6217398,9951050,1,2
0,0,0,0,3978222,3959549,1,2
0,0,0,0,9556241,1905140,3,3
0,0,1,0,6533141,3609560,1,3
0,0,0,0,3287259,4381178,1,1
0,0,0,0,1971360,3151862,3,2
0,1,0,0,1153361,21673,3,2
0,1,4,1,9959111,5880972,1,2
0,0,0,0,3792560,7268287,1,1
0,1,0,0,5619573,9923944,1,4
0,0,0,0,7326778,4045453,2,2
0,0,0,0,8707577,9326608,1,3
0,0,1,0,5721388,5152635,1,2
0,1,0,0,110355,2366098,4,2
0,0,0,0,9062652,2041885,2,3
0,0,0,0,7706110,3202130,3,3
0,0,0,0,3824834,3104346,3,2
0,0,0,0,940407,7462688,2,3
0,0,1,0,496509,7460164,3,2
0,0,1,0,8211165,9892257,3,3
1,1,4,1,8292780,7189573,2,3
0,0,0,0,6546963,6283238,1,3
0,0,0,0,1328204,3852260,1,2
0,1,2,1,3417907,5254311,1,3
0,0,0,0,7313305,1384002,1,2
0,0,1,0,9072403,1272275,1,4
0,0,0,0,6961577,3745925,1,4
0,0,0,0,2415656,8810316,1,3
0,0,0,0,6440708,227235,1,3
0,0,0,0,2807343,5164776,5,2
0,0,0,0,9575821,6865954,1,3
0,0,0,0,1583870,1124451,2,1
0,0,0,0,4183152,5703243,2,1
1,1,1,1,2519954,5291446,7,3
0,0,0,0,943849,2605475,3,2
0,0,0,0,8276703,3984413,1,4
0,0,0,0,5252753,7284160,2,4
0,1,4,1,6677092,6051561,1,4
0,0,0,0,4082543,4016709,2,2
0,0,2,0,8425413,9173365,2,3
0,0,1,0,7372628,9955813,1,2
0,0,0,0,3482043,5765183,1,3
1,1,3,1,9488831,1510368,2,4
0,0,0,0,6466416,7231387,4,2
1,1,3,1,352758,3682461,2,2
0,0,0,0,5964137,2032648,1,3
1,1,2,1,4152938,4686232,2,3
1,1,2,1,768926,6526445,3,3
0,0,0,0,5280179,9581749,2,4
0,0,1,0,9622768,6497941,3,3
0,0,1,0,7086984,9156820,1,3
0,0,0,0,5534431,8533307,1,3
0,0,0,0,2429423,8262035,1,1
0,0,0,0,7779965,8760662,1,3
0,1,2,1,6519023,2736873,1,3
0,1,1,0,8301964,1504568,2,3
0,1,1,1,6485124,8609408,2,3
0,1,0,0,4798072,3995432,3,2
0,0,0,0,4950346,477718,2,2
0,0,0,0,3798499,8985586,1,3
0,0,1,0,4504585,6380416,2,2
0,0,0,0,8142029,9334658,4,3
0,0,0,0,9287215,7478334,1,3
1,1,2,1,1474722,7224985,7,3
0,1,3,1,7497765,5457381,1,4
0,0,1,0,9755985,2641072,1,2
0,0,0,0,9747335,3057059,2,4
0,0,0,0,3506044,7858740,2,1
0,1,0,0,3939252,1825378,2,3
0,0,0,0,9508932,5498571,3,4
0,0,0,0,1066419,6486155,2,1
0,0,2,0,9347031,6265214,1,4
0,1,2,1,3461410,8214616,3,3
0,1,2,1,5330280,3279292,2,3
0,0,0,0,5387613,5902419,2,3
0,0,0,1,7146741,7783651,1,2
0,0,0,0,4057656,4212563,3,1
0,1,0,0,1527788,802286,1,1
0,0,2,0,3402118,7985653,3,1
0,0,0,0,6266162,1197807,2,4
0,0,1,0,573692,4971351,2,2
0,1,3,1,8516149,6954902,2,3
0,0,1,0,2126322,4429749,4,1
0,0,0,0,5394285,9059850,1,4
0,0,0,0,1364791,1501780,5,2
0,0,0,0,3248449,9915806,1,3
0,0,0,0,6210375,4817075,7,3
0,0,1,0,2559663,4729550,2,3
0,0,1,0,6348360,1389419,4,3
0,1,0,0,4856417,4192344,6,2
0,0,0,0,9381180,8356480,2,4
0,0,0,0,8574476,9769952,1,3
0,0,1,0,3708602,7852560,1,2
0,0,0,0,3141820,9385518,4,1
0,0,1,0,8284820,8375579,5,2
0,0,0,0,4518129,1096532,2,3
0,1,1,0,3158584,9579470,2,1
0,1,0,1,978024,9958460,3,1
0,0,1,0,648965,4498755,1,2
0,0,0,0,6894134,7754297,1,4
0,0,1,0,6680080,9943038,2,4
0,0,0,0,9044888,8543116,6,2
0,0,0,0,3016740,3324633,2,1
0,0,0,0,9327489,8309014,2,3
0,0,1,0,2019701,5216905,2,1
0,0,0,0,7923278,7977741,2,2
0,1,2,0,2246161,5840681,1,2
0,0,0,0,307546,4327620,1,1
0,0,0,0,8619783,1842123,10,3
1,1,1,1,6850632,3429248,3,3
1,1,2,1,9420138,844590,6,2
0,0,0,0,6758099,6161928,2,2
0,0,0,0,8430653,2357471,2,2
0,0,0,0,3618706,4082912,5,3
0,0,1,0,3923403,7159647,1,2
0,1,1,1,5676503,3270270,2,3
0,0,0,0,951460,129402,2,3
0,0,1,0,1937714,5088666,2,2
0,0,0,0,5880278,3224959,1,3
0,0,0,0,7514548,5177000,1,2
0,0,0,0,8671817,6103559,3,2
0,0,1,0,3717712,6845975,1,2
0,0,0,0,7987618,8886883,1,3
0,0,0,0,583106,7374391,1,2
0,0,0,0,6233944,6898686,1,2
0,0,0,0,3566178,227086,1,2
1,1,3,1,5878889,2294711,2,3
0,0,0,0,9137238,2448748,1,3
0,1,0,1,1994289,5413269,2,2
0,0,0,0,3690590,4479981,2,1
0,0,0,0,6713635,7817178,3,3
0,0,0,0,7680931,3653040,5,3
1,1,0,1,5222133,3630161,4,3
0,0,0,0,8280194,4790677,6,3
0,0,0,0,5270608,1180206,4,3
1,1,1,1,5017211,5382527,2,4
0,0,0,0,4199450,2914593,6,1
0,0,1,0,3622738,6049963,2,1
0,1,2,1,1234206,3629886,1,2
0,0,0,0,2981414,7104339,2,1
0,0,0,0,2766578,4867635,7,3
0,0,0,0,7701730,8916071,4,3
0,0,0,0,7781284,3490059,3,3
0,0,0,0,1437775,6121873,1,2
0,1,1,1,5154910,3154606,2,2
0,1,2,1,5971997,3231694,3,2
0,1,2,1,5058084,3751047,1,4
0,0,1,0,3860732,7334645,1,2
0,0,0,0,4260689,1857221,2,1
0,0,0,0,117590,2345183,2,2
0,0,0,0,9192685,8464555,2,3
1,1,0,1,794343,9472561,6,3
0,1,0,0,5073392,6401430,4,4
0,0,1,0,8201149,2687065,1,3
0,0,0,0,5983540,8949944,1,2
0,0,1,0,4241241,6496662,7,2
0,0,0,0,5592714,7598947,3,3
0,0,0,0,7890396,9826963,2,3
0,1,2,1,1677036,257529,1,2
0,0,0,0,9703840,1518310,4,3
0,0,1,0,4734701,4533670,2,3
0,1,1,0,9296782,1875835,2,3
0,1,1,1,9008762,5708111,1,3
0,0,1,0,7508295,8980986,1,4
0,0,0,0,6765213,1885327,2,4
0,0,0,0,6479679,542337,1,3
0,1,3,1,732418,2096529,3,2
0,0,0,0,4235286,8690656,3,2
1,1,2,1,5307869,5401880,3,3
0,0,0,0,9426381,9844835,4,3
1,1,2,1,7121741,9283541,7,2
0,0,0,0,7244392,6657170,2,3
0,0,0,0,4700952,4579661,1,1
0,0,0,0,1202737,8850961,1,1
0,0,0,0,7830419,366012,4,3
0,0,0,0,4381262,8488308,2,2
0,0,0,0,4314252,7065612,2,2
0,0,1,0,274960,7433504,1,2
1,1,4,1,1465514,6232300,3,3
0,1,1,1,4225649,9778242,1,2
0,0,0,0,7670821,6937465,1,3
0,0,1,0,47662,8630985,3,1
0,0,1,0,6035522,1932746,3,4
1,1,1,1,9055119,7661508,4,2
0,0,0,0,7066105,9965454,3,3
0,0,0,0,2625182,808022,3,2
0,0,0,0,8510146,1877652,3,4
0,0,0,0,3335813,989015,1,1
0,0,0,0,5782423,6986607,2,4
0,1,2,1,4327417,1664064,2,2
0,0,0,0,515916,1090163,6,3
0,0,1,0,7297501,412184,7,3
0,1,4,1,5481304,7892590,2,3
0,0,1,0,7511670,7971518,2,2
0,0,0,0,507675,8793766,1,2
0,0,0,0,7149138,2239239,4,3
0,0,1,0,2976726,7899798,2,2
0,0,0,0,2834564,9843497,2,2
0,0,1,0,8298160,423899,2,3
0,0,0,0,863890,3360284,2,2
0,1,1,1,426540,4420084,3,2
0,0,1,0,3487151,4977092,2,2
0,0,0,0,5422959,356461,2,4
0,0,0,0,6094157,6555064,1,2
0,1,1,1,2713520,4066839,3,1
0,0,0,0,2052157,3572762,2,3
0,0,2,0,3816038,1184070,4,2
0,0,0,0,4725229,3338844,1,3
0,0,0,0,8354556,4711276,6,3
0,0,1,1,1214625,5966099,2,2
0,1,1,1,6757576,5511943,2,3
0,0,0,0,4966480,9867091,2,3
0,0,0,0,9021700,9756750,1,4
1,1,2,1,5512226,6232951,6,3
0,0,0,0,1285550,4714452,2,2
0,0,1,0,4419765,2864287,1,1
0,0,1,0,1922832,7461390,1,2
0,1,1,1,4348678,686746,1,3
0,0,1,0,2251164,4911884,2,3
0,1,0,1,9610235,6609883,1,3
0,0,1,0,4483935,3757914,3,1
0,0,1,0,7770860,2987049,4,2
0,0,0,0,1582078,5008463,2,2
0,0,0,0,8667426,3629652,1,2
0,0,1,0,2061299,6977765,1,2
0,0,0,0,1779361,7674364,2,1
0,1,0,1,1648786,8536983,1,2
0,0,0,0,5652257,2888700,2,3
0,0,0,0,7271253,9685356,6,4
0,0,0,0,8758518,735571,1,3
0,0,0,0,7083700,2834486,1,3
0,0,0,0,4774265,1463894,1,2
0,0,0,0,8202168,1321452,2,3
0,0,0,0,166110,2473354,1,2
0,1,1,1,9960342,1727060,5,2
0,0,0,0,6348457,2699368,6,3
0,0,0,0,4284422,130721,1,2
1,1,1,1,283908,9705979,7,2
0,0,0,0,7532742,9266672,2,3
0,1,3,1,2086178,4421590,1,2
1,1,2,1,9993776,252248,2,4
0,0,1,0,9071785,2612533,1,3
1,1,2,1,7124094,1551484,2,3
0,1,4,1,7308758,3404452,1,3
0,0,0,0,4724510,5156482,1,2
0,0,0,0,8624431,6340728,3,4
0,1,4,1,1654022,7900482,1,2
0,0,0,0,6203792,1285453,5,3
0,0,0,0,2923084,2997969,2,1
0,0,1,0,4561058,5262976,1,1
0,0,0,0,456357,5135224,3,2
0,0,1,0,1776478,5151154,4,3
0,1,2,1,579275,7017052,1,2
0,1,0,0,9443355,8214267,4,3
1,1,0,1,3427163,9429519,3,2
0,0,0,0,5179095,9835400,1,4
0,0,0,0,6251957,4612024,1,4
0,1,1,1,2372460,2742890,1,2
0,0,0,0,5160828,1886006,6,3
0,1,4,1,8064775,8932611,3,3
1,1,2,1,3482370,8213001,2,2
0,0,0,0,8586188,4682971,1,3
0,0,1,0,344361,5093393,1,2
0,0,0,0,9709193,8812772,3,4
0,0,0,0,7450504,1814906,1,2
0,0,1,0,2732333,9855183,6,2
0,0,0,0,6770516,6639229,1,4
0,0,0,0,3479195,6576400,1,2
0,0,0,0,9469441,3070455,1,3
0,0,0,0,3385965,2301296,2,2
0,1,3,1,317107,310461,3,1
1,1,2,1,3535572,252019,3,2
0,0,0,0,3870922,3720127,1,1
1,1,2,1,3569182,255833,2,3
0,0,0,0,9598906,6773316,2,4
0,1,1,1,3837070,1733389,2,2
0,1,0,1,5462931,3627044,2,2
0,0,0,0,9252480,8844279,1,3
0,0,1,0,9167847,7631768,4,3
0,0,0,0,2427132,2662135,4,2
0,0,1,0,7170322,4172669,1,3
0,0,0,0,3489175,4471116,2,2
0,0,0,0,5542379,8990369,4,3
0,0,0,0,7429114,4930897,1,3
0,1,1,1,8196309,1173300,4,3
0,1,0,0,8695857,3228646,1,2
0,1,2,1,358622,432849,1,2
0,0,1,0,2200063,9295392,1,2
0,1,6,1,3669429,252195,1,3
0,0,0,0,3056712,9848893,1,2
0,0,1,0,7277702,938020,2,3
0,0,0,0,6996707,13435,2,3
1,0,1,1,9099854,6846597,2,4
0,1,1,1,8455323,381953,2,4
0,0,0,0,7784798,5563470,3,3
0,0,0,0,4008100,3575859,1,2
0,0,0,0,5767565,4030816,1,4
0,0,0,0,763531,6459424,1,3
1,1,3,1,8729018,1576756,3,4
0,0,0,0,9562056,1085779,1,3
0,1,1,0,5054887,5601760,4,3
0,0,0,0,9242888,6825112,2,4
0,0,1,0,1345023,2823361,3,1
1,0,0,1,2387170,8911478,3,3
0,0,1,0,4899214,1706118,1,2
0,0,0,0,4740201,2765242,3,2
0,0,0,0,4349575,7276619,2,1
0,0,0,0,392457,7739879,2,3
0,0,0,0,6442765,2773867,2,4
0,0,1,0,7155066,7296843,1,3
0,1,1,1,3516369,6453273,1,2
0,0,0,0,9464763,4095329,1,2
1,1,4,1,7430433,462672,3,4
0,0,0,0,507816,2404347,1,1
0,0,1,0,9802812,3686140,1,2
0,0,0,0,2178039,8904848,1,2
0,1,1,0,361930,2284146,2,2
0,0,0,0,2606816,9354777,7,1
0,0,0,0,7203541,6922707,3,2
0,1,0,0,2478730,9106245,5,3
0,0,1,0,2348957,3566734,1,1
1,1,2,1,210101,4507410,4,1
0,0,0,0,2645979,1542368,1,2
0,0,2,0,6917420,8247518,2,3
0,0,0,0,346664,7606278,3,2
0,1,5,1,627808,5077338,2,2
0,0,0,0,3976717,9287302,1,3
0,0,0,0,4899860,7969024,3,3
0,0,1,0,6309941,8910313,1,2
0,0,0,0,7233416,3803426,1,4
0,0,0,0,767592,437226,2,1
0,1,2,1,4214095,4763226,1,3
0,0,0,0,9736419,7195999,6,3
0,0,2,0,8137349,8430544,3,3
0,1,2,1,2237482,6420409,1,2
0,0,0,0,4896996,841260,1,1
1,1,3,1,113393,9346811,4,2
0,0,0,0,2585797,1576267,1,3
0,1,2,1,4545590,5753088,1,2
0,0,1,0,7409117,4906703,2,4
0,1,1,0,9905730,7186877,5,3
0,0,1,0,3321758,9389553,1,2
0,0,0,0,9447082,5211368,1,4
0,0,0,0,9617686,2237980,3,3
1,1,3,1,8991981,8221338,2,4
0,0,1,0,4926723,8429083,4,2
0,0,0,0,7848661,5576858,1,2
0,0,0,0,8030479,6079864,2,4
0,0,0,0,6777076,1876590,3,4
0,1,1,0,5812260,4679251,3,3
0,0,0,0,3306387,6479169,2,1
0,0,0,0,13146,1831001,3,2
0,0,1,0,657962,1730819,3,3
1,1,2,1,859443,6818844,2,2
0,1,0,0,131086,3141411,1,2
0,1,0,0,3357157,9174239,1,2
0,0,0,0,1192537,4077105,1,3
0,1,2,1,5935423,5138129,1,4
0,0,1,0,373094,6953573,2,2
0,0,0,0,95710,980686,3,1
0,1,1,0,1615816,7543541,6,2
0,0,0,0,8318242,8777025,4,2
0,0,0,0,7667737,4762870,4,3
1,1,2,1,2727558,638256,2,3
0,0,0,0,1881464,2431303,1,1
0,1,0,0,2257415,58951,1,2
0,1,0,0,619648,9749138,2,2
0,1,1,1,598949,2395972,1,3
0,0,0,0,1481425,5633634,2,3
1,1,2,1,729813,3868554,3,3
0,0,1,0,428820,2574941,1,3
0,0,0,0,5224138,3316392,5,2
0,0,0,0,7891596,4341071,2,2
0,0,0,0,6946900,3657363,3,3
0,0,0,0,665700,7823203,4,1
0,1,1,1,179562,4842770,1,2
1,1,2,1,4421180,7525940,3,3
0,0,0,0,1575877,8123770,3,3
0,0,0,0,7187942,1755407,1,2
1,1,1,1,7038773,3594099,5,3
1,1,3,1,8851450,745225,4,3
0,1,0,1,3252311,2329934,5,2
0,0,0,0,9707922,4383696,1,3
0,0,1,0,9847295,9600028,2,4
0,0,1,0,391812,3022146,1,3
0,0,0,0,8934888,4656749,2,4
0,0,0,0,8223231,4259261,2,4
0,0,0,0,7241777,8656352,2,2
1,1,1,1,2888934,8746380,4,3
1,1,1,1,5019021,4923040,5,3
0,0,0,0,4283073,2218477,2,2
1,1,1,1,6099593,676521,4,4
0,0,0,0,9260270,7545474,2,3
0,1,3,1,2401009,9964468,1,1
0,0,0,0,2718565,3164571,2,2
0,0,0,0,7349350,2285094,8,3
0,0,0,0,7514757,9596697,2,2
1,1,3,1,9305049,8565260,5,3
0,0,1,0,4626870,9468791,2,1
0,1,0,0,8606105,4871578,3,2
0,0,0,0,3120072,2490297,3,2
0,0,0,0,2080195,2945848,20,1
0,0,0,0,9207409,1440784,2,3
0,0,0,0,527320,270719,1,1
0,0,0,0,4111167,8127672,3,3
0,0,0,0,4562982,8431527,1,1
0,0,1,0,4158210,1159272,3,1
1,0,1,1,6702901,3899955,3,3
0,0,0,0,7568325,9226448,3,4
0,0,0,0,9115649,1057191,6,4
0,1,1,1,8198743,4203946,2,3
0,0,0,0,936410,8939895,2,2
0,0,0,0,1778892,9078519,1,2
0,1,2,1,6421535,4237472,2,4
0,1,2,1,8741997,9872102,1,4
0,0,1,0,5922569,8190313,1,2
0,0,1,0,2624072,6358897,2,2
0,0,1,0,8836678,154520,2,3
0,0,0,0,1876714,9773442,4,1
0,0,1,0,4888202,9013207,1,2
0,0,0,0,98196,1136244,1,2
0,1,2,1,3603995,3342535,1,2
0,1,1,1,4421192,4522589,2,3
1,1,7,1,1257172,3993221,4,1
0,0,0,0,6243045,8906788,2,3
0,0,0,0,3024022,9076844,3,3
0,0,0,0,2396142,3283707,1,2
0,0,0,0,3585952,7991012,2,3
1,1,4,1,8928241,5263780,2,2
1,1,4,1,9905314,714535,1,4
0,0,1,0,7323503,337333,4,3
0,0,0,0,9926918,2688378,1,4
1,1,2,1,5397370,6337790,5,2
1,1,2,1,4337596,5421982,2,3
0,0,0,0,9645799,8499921,1,4
0,0,1,0,1483052,325872,2,3
0,0,0,0,664866,5984645,2,2
0,1,3,1,242492,529963,2,1
0,0,0,0,6123635,5771766,1,3
0,0,0,0,6965407,5899936,3,4
0,0,0,0,8010635,5256039,1,2
0,0,0,0,1377168,8214509,1,3
0,0,0,0,1597692,2771459,5,2
0,0,0,0,9887365,3702091,1,2
1,1,2,1,3986066,8910494,4,2
0,0,1,0,1878934,9009050,2,1
0,0,0,0,4776812,6920255,2,2
0,0,1,0,5441804,5227798,1,3
0,1,1,1,3281256,2464855,1,3
0,0,0,0,9998319,137632,5,4
0,1,2,1,5277297,1074349,1,4
0,0,1,0,1337213,3004886,1,2
0,0,1,0,4384967,3302814,1,2
0,0,0,0,6207324,8600184,2,2
0,0,0,0,2028923,8223454,1,2
0,0,0,0,1341565,4039079,2,3
0,0,1,0,7767568,6878646,1,2
0,0,0,0,6358866,1815392,1,2
0,1,5,1,2821082,4501359,2,1
0,1,1,0,1912404,1925960,1,1
0,0,0,0,2655102,9714291,3,2
0,0,0,0,5307558,8076256,1,3
0,0,0,0,6847924,7101082,6,2
0,0,0,0,3832450,2482244,5,1
0,0,1,0,9548923,5097319,3,3
0,1,1,1,1183447,5687015,1,2
0,0,1,0,390962,3315349,2,2
0,1,1,1,5044543,4366180,1,3
0,1,3,1,5784244,1996770,2,2
0,0,0,0,8392194,7861773,2,3
0,0,0,0,6543790,7846432,2,4
0,1,1,0,9444330,9548043,2,3
0,0,0,0,5116060,6195311,2,2
0,0,0,0,849125,8924162,2,2
0,0,0,0,9946698,2324950,5,3
0,0,1,0,4014035,5116900,2,2
0,1,3,1,8955554,5300545,2,3
0,0,1,0,8767694,9511653,1,2
0,0,0,0,2964547,5743280,4,2
0,1,2,1,1325785,8709308,2,2
0,0,0,0,2658839,9391994,2,3
0,1,1,1,57270,803882,2,1
0,1,1,1,8195182,7682912,2,2
0,0,1,0,1746439,5622297,1,1
0,0,0,0,8429944,1616215,4,3
0,0,0,0,1666951,8070857,1,1
0,0,0,0,7639412,892999,2,3
0,0,0,0,5188849,4866936,1,4
0,1,1,1,2726573,8686755,1,1
0,1,3,1,3431679,8298892,2,2
0,0,1,0,7050028,9815076,1,3
0,1,6,1,5914744,8706926,1,3
0,1,1,0,4693307,2234709,1,1
0,0,0,0,3363419,6530304,2,1
0,0,1,0,9677375,4165711,1,3
0,0,0,0,6457752,6467751,1,4
0,0,1,0,1962809,1691552,2,1
0,0,0,0,3571434,4005784,1,1
0,0,0,0,5129649,816465,3,3
1,1,2,1,8829051,6928308,4,3
0,0,0,0,1526518,6048197,3,2
0,0,1,0,2304377,917820,2,2
0,1,0,0,1629717,7211968,6,2
1,1,2,1,6142829,4528680,4,3
0,0,0,0,5015842,5289885,4,2
0,0,0,0,1880993,2632583,1,2
0,0,0,0,4076723,4814302,2,1
0,1,0,1,5823272,7509378,2,3
0,0,0,0,3088968,4420234,1,2
0,0,0,0,4809153,3828566,2,2
0,0,0,0,9392963,5426599,3,4
0,0,0,0,460358,7348954,3,1
1,1,1,1,5348056,3921472,4,2
0,0,0,0,4426143,9532682,5,2
0,1,1,1,9062701,1233127,1,3
0,0,0,0,8809496,81967,1,3
0,0,0,0,1632239,105412,4,2
1,1,3,1,7521114,885239,2,2
0,0,0,0,4029447,9800172,1,1
0,0,0,0,5568938,8852261,5,4
0,0,0,0,801608,4817860,1,1
1,1,8,1,1165563,9020445,7,2
1,1,2,1,9250944,6877165,2,4
1,1,2,1,8787510,4761888,7,3
1,1,2,1,1631903,9812471,3,2
0,0,1,0,5315074,2466261,2,3
0,0,0,0,9296932,9842227,3,2
0,0,1,0,3256813,730432,7,3
0,0,1,0,1607775,1883876,4,2
0,0,1,0,9496065,9020928,5,4
1,1,1,1,4623077,3836891,2,2
0,1,2,1,2207473,8801422,1,1
0,1,4,1,20191,693399,4,1
0,0,0,0,6191263,8061321,1,2
0,1,0,0,4024628,7629203,1,3
0,0,0,0,8999360,108159,4,3
0,0,0,0,5058277,3723807,1,3
0,1,0,0,7264090,819812,4,3
0,0,0,0,274837,3154901,3,3
0,0,1,0,3793724,828834,1,3
0,0,0,0,3867030,3418061,2,3
0,1,0,1,3377843,1416098,1,3
0,0,0,0,3643925,3685167,1,2
0,0,0,0,6386869,1732247,1,3
0,0,1,0,329108,8474344,3,2
0,0,0,0,6961172,2787617,1,2
0,0,0,0,8154757,2651352,1,3
0,0,0,0,5073678,8495082,4,3
0,0,0,0,1125804,5564583,6,3
0,0,0,0,9062247,6767958,1,3
0,1,3,1,4132940,9015952,2,2
0,1,1,1,4737042,1163349,1,1
0,0,0,0,7136364,6217321,2,4
0,0,1,0,2418448,7857016,2,2
0,0,0,0,2996079,6316787,1,2
0,0,0,0,7044018,381679,2,3
0,0,0,0,7715905,1943306,5,3
0,0,0,0,138389,2783289,2,2
0,0,0,0,5512535,3569475,2,2
0,0,1,0,6523896,998455,3,4
0,0,0,0,9315584,3409557,3,4
0,0,0,0,6903158,3774276,4,3
0,0,1,0,2537392,427241,2,2
1,1,2,1,4109931,2423196,3,2
0,0,0,0,1228776,8217902,4,2
0,0,1,0,1319520,40980,2,3
1,1,2,1,6400473,8381104,4,3
0,0,1,0,3463852,7952326,2,3
0,1,0,0,4227099,1410797,1,1
0,0,0,0,9393048,6204816,4,3
0,1,0,0,3838467,3452322,1,2
0,0,0,0,2285598,4768057,1,3
1,1,4,1,6902020,7624010,3,3
0,0,1,0,98569,8228335,1,2
0,1,1,1,6860546,2118285,1,3
0,0,2,0,7915865,4133990,2,4
0,0,1,0,5074370,5823078,5,2
0,0,0,0,3080419,8395839,3,1
0,0,0,0,7371300,9044694,2,3
0,0,0,0,3046812,272160,1,1
0,0,0,0,7746221,3216654,4,3
0,0,0,0,1121011,1462194,3,3
0,0,0,0,7976543,2872353,1,2
0,0,1,0,4909461,8132826,5,2
0,0,1,0,8328247,2287135,2,3
1,1,1,1,7583380,9996885,2,3
0,0,1,0,9020451,7142268,1,3
0,0,0,0,2784087,7707213,2,2
0,0,0,0,4456427,5229858,3,3
0,1,2,1,2719851,4177738,2,1
0,0,0,0,3298811,6038710,1,3
0,0,0,0,8635031,5713350,3,2
0,0,0,0,1098456,3340889,4,2
0,0,1,0,4022114,9230140,5,2
0,0,1,0,4060291,869659,4,2
0,1,2,1,4364298,3287853,2,3
0,1,0,1,1769801,4740091,3,1
0,0,0,0,2657001,6431883,4,3
0,0,0,0,6594751,3736163,2,4
0,1,0,1,8159627,7566437,2,2
0,0,0,0,4211364,7423229,2,2
0,0,0,0,1600461,8246108,3,2
0,0,0,0,2885772,8359116,1,3
0,0,0,0,8020375,9320295,3,2
0,0,0,0,1642270,9947174,2,3
0,0,1,0,7897024,8767782,1,3
0,1,1,0,5241550,2428182,1,4
0,0,0,0,3199984,5896413,1,2
0,0,0,0,2751456,7998222,2,2
0,1,2,1,8018060,975687,3,2
0,0,0,0,1040125,7449772,1,1
0,0,0,0,8380259,4749168,1,2
0,0,0,0,792538,7409858,4,1
1,1,2,1,7174815,8396173,3,3
0,0,0,0,8645182,1760697,3,4
0,0,0,0,9784453,1572063,2,3
0,0,0,0,2490975,1978906,1,3
0,0,0,0,248579,2263047,1,2
0,0,0,0,2229525,4510752,1,2
1,1,1,1,1220114,9593108,6,2
0,0,0,0,3851948,3806379,2,2
0,1,2,1,843207,1174819,2,2
0,0,1,0,2825491,1808271,4,1
0,0,0,0,5665167,3383108,3,4
0,0,0,0,3285041,3291201,1,3
0,0,0,0,9433649,582218,2,3
0,0,1,0,3772596,367342,2,1
0,1,3,1,9532045,3895115,2,2
0,0,0,0,2732210,9454042,3,2
0,1,0,0,6872499,2791314,3,3
0,0,0,0,1369758,2837061,2,3
0,0,2,0,8101160,7453883,1,4
0,0,0,0,7625154,150580,2,3
0,0,0,0,4423530,2618649,1,2
0,0,0,0,4566222,5701045,1,1
1,1,2,1,6803753,2949014,7,3
0,0,0,0,743892,9632044,6,2
0,0,1,0,6465531,8292323,1,3
0,0,1,0,7898212,7236327,5,3
0,1,2,1,2232903,4579040,1,2
0,0,0,0,409392,2235199,1,3
0,0,0,0,3846030,3541347,5,2
0,0,0,0,3440516,2889244,4,3
0,1,3,1,4463160,4300048,2,1
0,0,0,0,3867875,2599922,2,1
0,0,0,0,9182092,6088395,2,4
0,1,2,1,1739970,2349474,1,2
1,1,2,1,1498528,5933424,6,2
0,0,0,0,6131265,5047696,5,4
0,0,0,0,172413,9802642,3,1
0,0,0,0,661027,8316989,1,1
0,0,0,0,7787464,985032,2,2
0,0,0,0,9355447,1696621,4,4
0,0,0,0,2071795,7159791,3,3
0,0,0,0,6432665,8170808,4,3
0,0,0,0,3313401,9627861,2,2
0,0,0,0,9553075,6363904,1,3
0,0,1,0,8170915,5842434,2,3
0,0,0,0,7401876,9769205,1,4
0,0,0,0,2226793,8117414,1,2
0,0,0,0,457193,5886152,1,2
0,0,0,0,3664826,1835144,1,3
0,0,0,0,7413040,4770587,1,4
0,0,0,0,9333941,4781114,2,4
0,0,1,0,6731290,5166886,1,4
0,0,1,0,7012727,874191,3,3
0,0,1,0,8475233,7250612,5,3
0,1,2,1,7060715,6243904,1,4
0,1,2,1,8587042,1112875,1,2
0,0,0,0,4455907,9184895,4,2
0,0,0,0,6765532,7072440,2,3
0,0,0,0,1278094,1128912,6,2
0,0,0,0,7360824,2308686,2,2
0,0,0,0,672370,4190707,8,3
0,0,1,0,2807661,73549,1,1
1,1,0,1,4115678,602699,5,2
0,1,2,1,9433104,1468593,1,3
0,0,0,0,9772237,6977034,4,3
0,0,1,0,388619,7860247,2,1
0,1,3,1,5876562,3376253,1,3
0,0,0,0,300081,2335680,1,3
0,0,0,0,5652123,436782,1,3
0,0,0,0,982153,1837132,7,3
0,0,0,0,6302138,9933676,2,2
0,0,0,0,8184018,5999792,5,3
0,1,0,0,3499989,6906854,7,3
0,1,1,1,1339673,2019826,1,3
0,1,2,1,809335,2501669,1,2
1,1,1,1,3504004,2266444,2,3
1,1,1,1,9961495,1875215,6,3
1,1,1,1,5329034,1151428,2,4
0,0,0,0,3358561,416872,2,3
0,0,0,0,3141960,9646597,3,2
0,0,0,0,3825750,7271711,2,2
0,0,1,0,185442,3812196,1,3
0,0,0,0,365347,1917784,1,1
0,1,0,1,8784048,9677796,3,2
0,0,1,0,4020144,7657842,4,1
0,0,0,0,4693231,2731136,2,3
0,0,0,0,4022868,4876813,5,3
0,0,0,0,7020032,2245865,1,4
0,1,1,1,3991150,4532858,2,3
0,0,0,1,5018961,3088772,1,4
0,1,1,0,369692,5390555,2,3
0,0,0,0,2979387,665437,3,1
0,1,1,0,9627223,2492173,1,3
0,0,0,0,9349805,478435,1,2
1,1,1,1,9609795,4803017,5,3
1,1,3,1,7924966,1465624,3,3
0,0,1,0,7546830,2874585,2,3
0,0,0,0,659584,3883774,1,2
1,1,2,1,1354879,9916596,3,2
0,0,0,0,1235840,5174180,2,1
0,0,0,0,7624484,4641364,2,4
1,1,0,1,9033526,1485983,5,4
1,1,3,1,4026086,2056128,3,2
0,1,3,1,1825401,8976504,2,1
0,0,0,0,3745182,3870222,4,1
1,1,1,1,5061451,2985583,3,3
0,1,1,1,9133878,5521532,3,2
0,0,1,0,766356,2133649,3,2
0,0,0,0,1097317,1440807,3,1
0,0,0,0,7541722,8992603,2,2
0,1,1,0,3045604,7683010,3,1
0,0,0,0,7237183,5371246,1,2
0,0,1,0,2323007,6264567,2,3
0,1,1,1,3934091,2003345,1,2
0,0,0,0,5078151,3635063,2,2
0,0,0,0,9397978,7451233,1,4
0,0,0,0,578679,9002319,1,1
0,0,0,0,3047271,2691813,2,3
0,0,0,0,2408935,1551553,4,2
0,1,0,1,3851545,1936352,1,1
0,0,0,0,7628864,3049645,3,4
0,0,0,0,8645370,7604643,2,3
0,1,0,1,6790247,4335630,1,2
0,0,0,0,6766765,5617003,1,3
0,1,1,1,1650315,3810230,2,2
0,0,0,0,8027650,3096532,1,2
0,0,1,0,7119025,9785167,2,2
0,0,0,0,9285844,7945686,2,3
0,0,0,0,74937,8160763,3,2
0,1,2,1,5962553,3670219,2,2
0,0,0,0,3666987,5537927,6,3
0,0,0,0,7418720,954532,6,4
0,0,2,0,7619896,4201824,2,4
0,0,0,0,2606895,317727,1,3
0,1,1,1,2549031,2098533,1,2
0,0,0,0,6787535,5505312,2,3
0,0,0,0,4854182,7401572,3,3
0,0,0,0,3785358,1677540,2,2
0,0,1,0,555409,3681395,1,2
0,0,0,0,8989099,7780731,3,4
0,0,0,0,8016198,416578,1,4
0,0,0,0,4809509,7070279,5,2
0,0,0,1,321247,6032307,3,1
0,0,0,0,5119406,3850840,2,4
0,1,2,1,3730530,1796273,2,3
0,0,1,0,4985071,3379678,2,3
0,1,2,1,3992140,2847890,1,3
0,0,0,0,209443,776352,3,3
1,1,1,1,5242209,1932692,4,3
0,0,1,0,1603780,2853689,3,2
0,0,0,0,2050876,7953509,2,1
0,0,0,0,9750997,7622255,2,3
1,1,0,1,9662289,2117895,2,3
0,0,0,0,7599712,941252,3,3
0,0,0,0,763606,8353166,4,2
0,0,0,0,5157565,5043565,1,3
0,1,1,0,6002267,9964035,1,4
1,1,2,1,4369669,2852112,3,2
0,0,0,0,16421,4460935,7,3
0,0,1,1,4354945,6413059,2,3
0,0,0,0,5008981,4577188,1,3
0,0,1,0,6695168,2266404,2,3
0,0,0,0,6947659,894522,5,3
1,1,2,1,7824075,3857012,4,4
0,0,0,0,1390046,6710729,2,2
0,1,1,1,1632242,2384517,1,3
0,0,1,0,7594429,8316439,3,3
0,0,0,0,4436451,373423,1,3
0,0,0,0,6295858,4045553,2,3
0,1,0,1,1044991,4877873,1,3
0,0,0,0,8354385,5329859,1,3
0,0,0,0,3339052,9712298,2,3
0,0,0,0,1994928,3587314,2,1
0,0,1,0,6944535,7192015,1,2
0,0,0,0,1658568,6306739,1,2
0,0,1,0,739541,9340525,1,1
0,1,3,1,382312,6046497,1,2
0,0,0,0,8459078,6891350,5,2
0,0,1,0,3734986,9985734,2,1
0,0,0,0,8805935,5932615,3,3
1,1,1,1,903058,3651000,7,1
0,0,0,0,4958414,4219944,3,1
0,1,1,0,7542222,8558945,2,2
0,0,0,0,6058100,8022530,6,2
0,0,0,0,5283423,2327603,2,3
0,0,0,0,9100850,5471930,4,4
0,0,0,0,9855971,5224774,2,3
0,0,1,0,2797052,9779530,3,2
0,0,0,0,1234752,6799557,1,1
0,0,0,0,1743557,3649582,1,2
0,0,1,0,8812170,3546587,3,3
0,0,0,0,1246116,2858954,2,1
0,1,2,1,2989288,5831509,3,1
0,1,2,1,1647125,1427185,3,2
0,1,3,1,725998,9012854,2,1
0,0,0,0,2383819,2052534,1,2
0,0,0,0,7165700,518786,3,2
0,0,0,0,6449340,9652052,3,2
0,0,0,0,758648,2166269,3,3
0,0,1,0,1726856,3148863,1,2
0,0,0,0,1456507,6952001,2,2
0,0,0,0,3918482,3231630,2,2
0,0,0,0,2317138,8881967,2,3
0,0,0,0,5613038,2217408,2,2
0,0,0,0,5834411,6197745,1,4
0,0,0,0,987460,293853,3,2
0,0,0,0,1588950,5832016,5,2
0,0,1,0,9219401,7782983,2,3
1,1,2,1,8593329,6803248,4,3
0,0,0,0,9070753,758655,1,4
0,0,0,0,1152533,284290,1,2
0,1,1,0,355344,6854308,3,3
0,0,0,0,5856745,8920949,2,3
0,0,0,0,3141254,9472346,8,3
1,1,4,1,5568133,6520119,2,4
0,0,0,0,3544470,9382454,1,2
0,1,2,1,1432488,4874888,2,2
0,0,0,0,5670579,284280,2,3
0,1,3,1,3340529,527379,2,2
0,0,1,0,1203847,8036363,3,2
0,0,0,0,2558193,6740087,2,2
0,0,0,0,3533368,4127392,2,2
0,0,1,0,8312058,2447984,1,3
1,1,2,1,7831163,5235006,3,3
0,0,0,0,9400229,9199290,5,3
0,0,0,0,8390835,6909009,1,4
0,1,3,1,1489645,444333,2,2
0,0,0,0,5905947,6722001,2,4
0,0,0,0,8238489,5761456,1,3
0,0,0,0,6317982,6912350,3,3
0,0,0,0,4698651,2410081,1,1
0,0,0,0,2587052,760514,1,2
0,1,1,1,245770,2093564,1,1
0,0,0,0,3287626,3364209,3,3
0,0,0,0,2248224,2616359,1,3
0,0,0,0,8772102,5489661,3,3
0,0,0,0,6775602,9587039,2,3
0,1,0,0,5258603,625074,2,3
0,0,1,0,5576092,118942,2,2
0,1,1,0,2474373,1760065,1,2
0,1,0,0,72958,534222,1,1
0,0,0,0,9487743,7241392,2,2
0,0,0,0,7190499,7432568,4,3
0,0,0,0,2792856,9764761,1,3
0,0,1,0,7436791,8165914,4,4
0,1,2,1,8706268,2575124,1,3
0,0,0,0,3803170,7746498,3,1
0,0,0,0,7193469,2510372,5,3
0,0,1,1,2395732,4102281,2,2
0,1,1,1,6476742,2355113,1,3
0,0,1,0,9755340,2431902,6,3
0,0,0,0,3779458,6897026,1,3
0,1,4,1,4640790,6937015,1,2
0,0,0,0,8121822,1089501,1,4
0,0,1,0,4943386,7310273,1,2
0,0,1,0,503020,3326287,2,1
0,0,0,0,1306034,477625,2,1
0,0,0,0,1614156,3512149,1,3
0,0,1,0,894406,3682877,1,1
0,0,0,0,4035572,8798313,2,3
1,1,5,1,638509,6938878,3,3
1,1,0,1,5619266,902627,2,3
0,0,0,0,3364766,448051,1,2
0,0,0,0,5405658,5954826,2,2
0,0,0,0,9131020,4179742,2,2
0,0,0,0,3868260,1315697,6,3
0,1,5,1,9601310,3450462,1,2
0,0,0,0,3846321,249825,1,2
0,1,3,1,9414683,1172780,1,3
0,0,0,0,6805390,5620085,2,3
0,0,0,0,9025140,6744733,3,2
1,1,4,1,2537610,6717532,3,2
1,1,3,1,4060394,5821425,2,3
0,0,0,0,142466,6868560,4,2
0,1,1,0,1104321,1130999,1,3
0,0,0,0,5014663,3705539,2,4
0,0,0,0,3714736,7784715,2,2
1,1,2,1,8058004,9286415,3,3
0,0,1,0,79218,2745380,3,2
0,0,0,0,8363924,2088705,2,3
0,0,1,1,3767853,592567,5,1
0,1,1,1,3851934,4043456,1,3
1,1,2,1,9513942,1596838,2,4
0,0,1,0,4756060,8479360,1,2
0,0,0,0,5520146,8627343,4,2
0,0,0,0,9345821,7367025,2,2
0,0,1,1,8633121,8203482,1,3
0,0,0,0,2598771,8103738,2,1
0,0,0,0,6876009,2197150,4,3
0,0,0,0,4478428,5041430,2,3
0,1,1,1,2179849,3170500,4,3
0,0,0,0,6861378,730182,6,2
0,0,1,0,9592435,1290714,1,4
0,0,2,0,2593670,2433207,3,1
0,0,0,0,4686923,3339732,2,2
0,0,0,0,3212931,2845574,1,3
0,0,1,0,1646190,2005419,3,2
0,0,1,0,7146242,1789154,3,4
0,0,0,0,5280892,2738848,2,2
0,0,1,0,2346807,8285201,2,3
0,0,0,0,644224,2194659,1,2
0,0,0,0,6756654,4850321,1,3
0,0,1,0,8060282,1860375,2,4
0,0,0,0,1154545,5386138,2,3
0,0,1,0,6919137,4856774,3,3
1,0,1,1,217831,7837734,7,2
1,1,0,1,3613241,3804407,2,2
0,0,0,0,7321733,5027737,1,3
1,1,3,1,3125774,12968,2,3
0,0,0,0,4470878,4288595,5,2
0,1,2,1,8253184,222907,2,3
0,0,0,0,3317470,4684532,1,1
0,0,1,0,1440041,4814367,2,2
0,0,0,0,3008767,5849460,2,3
0,0,1,0,1625780,3595440,2,2
0,0,0,0,8393485,763423,3,2
0,0,2,0,6642100,4226260,1,3
0,0,1,0,1388470,3137437,5,3
0,0,1,0,3258340,649438,1,1
0,0,1,0,8313080,2193785,2,4
0,0,0,0,8224181,1861602,3,3
0,1,2,1,1493780,9581512,4,2
0,0,0,0,4212176,1941209,1,1
0,0,0,0,4451170,5491761,1,2
0,0,0,0,8837970,7094054,3,2
0,0,1,0,4149361,7366478,1,2
1,1,2,1,6897902,4252838,5,3
0,0,0,0,7168149,2133761,3,4
0,1,2,1,123774,3724799,1,2
1,1,6,1,378239,1690370,5,2
0,0,0,0,908640,2956113,1,2
0,0,1,0,3987649,1681308,2,3
1,1,4,1,9000810,3550883,4,4
0,1,2,1,4448366,5522542,1,2
0,0,0,0,7550409,7649871,3,3
0,0,0,0,7113645,6045180,2,3
0,1,0,0,1667316,8859000,4,2
0,0,0,0,8690130,7837789,2,4
0,1,4,1,891713,8816924,2,1
0,0,0,0,1629894,3429912,2,1
1,1,2,1,8492270,7488387,3,3
0,0,1,0,6280366,6650718,2,3
0,0,1,1,2084289,8799716,1,3
0,0,0,0,6727603,2304083,3,4
0,0,0,0,9640615,5746821,1,2
0,0,0,0,8816069,4131900,1,3
0,0,0,0,9616207,6910292,2,2
0,0,0,0,4646236,9550636,2,3
0,0,0,0,728665,257265,2,3
0,0,1,0,8741776,8325965,1,4
0,0,0,0,1988430,6629270,2,3
1,1,2,1,5345095,1112521,2,4
0,0,0,0,1055464,8795653,3,1
0,1,1,1,3839373,1243966,1,2
0,0,0,0,7475934,740450,5,3
0,0,0,0,6956862,8722701,1,2
0,0,0,0,983770,3568485,5,3
0,0,1,0,6114396,3026033,1,4
0,0,0,0,209221,2716203,4,2
0,0,0,0,6496141,2680921,3,2
0,0,0,0,9782302,6253726,1,3
0,1,2,1,8423770,6607190,1,2
0,0,1,0,8426583,8641699,2,2
0,1,3,1,3873935,1524245,5,1
1,1,3,1,7929509,3423060,3,3
1,1,2,1,4061350,9892565,5,3
0,0,0,0,2533105,9918895,2,3
0,0,1,1,4192403,7537738,1,2
1,1,3,1,4954243,8766183,4,3
1,1,5,1,8581155,6269718,3,2
0,0,0,0,7321535,6323690,2,3
0,0,0,0,9742801,603504,2,4
0,1,2,1,1000397,6757658,2,1
0,1,2,1,8324639,84640,1,3
0,1,3,1,4504855,3766861,2,2
0,0,0,0,8503293,3041276,1,3
0,0,0,0,5696645,9197513,2,4
0,0,0,0,9613955,2629986,1,4
0,0,1,0,9546047,3407519,4,2
0,0,0,0,2837361,1278001,2,3
0,0,0,0,7394932,4648264,3,3
0,0,0,0,707318,3937273,1,3
0,1,7,1,8999815,6272662,1,4
0,0,1,0,1334001,513907,3,2
0,1,1,1,5558007,8818756,2,2
0,0,0,0,6003158,1567748,6,4
0,0,0,0,1329406,3991038,2,2
0,0,0,0,5092340,514007,1,4
0,0,1,0,3669934,8116478,2,1
0,0,1,0,33041,5725635,1,2
0,0,0,0,479725,3125281,3,1
0,0,1,0,8819124,7770873,1,4
0,0,0,0,8233899,2334618,1,3
0,1,2,1,4129671,6193860,1,3
0,0,1,0,9215908,1173483,1,3
0,0,0,0,4773291,1317262,1,1
0,1,0,0,4749209,2952627,1,2
0,0,1,0,6577342,7823629,1,2
0,0,1,0,1632952,5474166,1,1
0,0,0,0,951797,1658935,1,3
0,0,0,0,8613811,9061374,3,3
0,1,1,1,2398420,6545293,1,2
0,0,0,0,5553179,9253573,1,4
0,0,0,0,8492746,2769765,3,3
0,0,0,0,3495932,5982367,2,2
0,0,0,0,9755867,2366490,1,3
0,0,0,0,8692701,7925413,1,2
0,0,1,0,7540065,9924154,4,4
0,0,0,0,2236386,2312532,2,2
0,0,1,0,7696963,7524030,2,4
0,0,1,0,8745770,6017617,6,2
0,0,0,0,437863,6488881,4,2
0,1,3,1,1997295,1968375,1,2
0,1,2,0,8536088,5474092,3,4
1,0,1,1,6521520,5852776,4,3
0,0,0,0,8691958,6846759,2,4
0,0,0,0,8135091,2390596,6,2
0,0,0,0,3613910,6116667,1,2
0,0,1,0,908816,7612967,2,3
0,0,1,0,5745651,2775848,1,3
0,1,5,1,6546275,3272519,1,3
0,0,0,0,8220755,6875731,3,3
0,0,0,0,4555039,3675114,1,3
0,0,0,0,9841739,89958,1,4
0,1,0,1,7502802,6973935,1,4
0,0,0,0,1335347,327240,2,2
0,0,0,0,2151396,5392281,1,1
0,0,0,0,8482456,3813191,1,3
0,0,0,0,4652677,7713448,1,1
1,1,4,1,9156231,4216506,2,4
0,1,2,0,9164128,3902333,2,2
0,0,0,0,8197249,5192299,1,2
0,1,0,1,5668114,7049697,2,3
0,1,0,1,6153797,4567198,2,2
0,0,0,0,7946743,4647298,1,4
0,1,1,1,4396268,9653748,8,1
1,1,3,1,4125218,2278708,2,2
0,0,0,0,5653955,8736615,2,4
0,0,0,0,1516238,593613,1,3
0,0,0,0,8073324,6508178,3,3
1,1,7,1,4955625,8604492,5,2
0,0,0,0,1404868,4377013,1,2
0,0,1,0,1102717,96132,2,3
0,1,2,1,1107734,3021950,7,1
1,1,0,1,47136,5816310,2,3
0,0,1,0,2383663,3761487,5,2
0,0,0,0,8786825,7776633,2,2
0,0,1,0,772064,1213229,2,1
0,0,0,0,1385164,167878,2,2
0,1,1,1,475170,4320446,1,2
0,0,0,0,339135,6987669,4,2
0,0,0,0,9159422,4395930,2,3
1,1,4,1,8400657,4814094,2,3
0,0,0,0,1788428,4849898,1,2
0,1,1,1,4951885,1251607,1,2
0,0,0,0,3069092,2632469,3,2
0,0,0,0,2743329,7353180,4,2
1,1,2,1,1282233,414213,3,2
1,1,4,1,4293128,2337373,3,2
0,0,0,0,6958329,1102071,3,2
0,0,0,0,3350068,3495375,2,2
0,0,0,0,7011334,1143607,4,4
0,0,0,0,8403993,2508423,1,3
1,1,2,1,8824895,2962254,4,3
0,0,0,0,7664655,8159108,6,2
0,1,0,0,3219756,9182415,1,1
0,0,0,0,421102,8122865,2,3
0,1,1,1,8925654,8627051,2,2
0,0,0,0,6380018,6517290,1,3
0,0,0,0,5544033,8800364,5,3
0,0,0,0,7662057,1768019,1,3
0,0,0,0,968456,8834219,2,1
0,0,0,0,7478951,7719924,2,3
0,0,0,0,8750758,5045666,5,3
0,0,1,0,76674,6895258,2,2
0,0,1,0,9347649,6589631,2,3
0,0,2,0,4068995,4911714,2,2
0,1,2,1,7886350,2407481,4,3
0,0,0,0,9759686,7216237,4,3
0,0,0,0,3333482,7198926,7,3
0,0,0,0,7870864,7751961,4,3
0,0,0,0,893464,3577730,5,2
0,0,0,0,436928,3105931,2,2
0,0,0,0,5148496,7310300,2,4
0,0,1,0,480815,2316451,3,2
0,0,0,0,891816,1901248,1,1
0,0,1,0,6882128,4995111,4,3
0,0,1,0,348329,8842021,1,1
0,0,0,0,4308403,7896988,1,3
0,0,1,0,7591695,6800025,3,3
0,0,0,0,8316604,8662094,1,3
0,1,2,1,3823997,4825227,1,1
0,0,0,0,6154537,3783402,1,4
0,0,0,0,3449300,1647441,1,2
0,0,0,0,5321912,1817565,1,4
0,0,0,0,2599663,1005545,4,1
1,1,1,1,5727663,6036353,3,4
0,1,1,1,9056974,4216660,5,3
1,1,2,1,5659285,4915745,3,4
0,0,0,0,564775,225756,4,3
1,1,3,1,1020969,4158513,5,2
0,1,1,0,3282876,3674405,1,3
0,0,0,0,9904367,1512211,1,4
1,1,3,1,7142472,5188428,2,3
0,0,0,0,789612,5553848,5,2
0,0,1,0,6141147,6520338,1,3
0,0,0,0,4931519,5659135,2,1
0,0,0,0,2690531,3914446,2,3
0,0,0,0,2930623,1623687,2,2
0,1,3,1,4751994,7960849,3,2
0,0,0,0,9639184,5089444,1,3
0,1,3,1,4235617,7099038,2,1
0,0,2,0,8439567,7837396,2,3
0,0,0,0,9536686,2949330,3,2
0,0,1,0,2864258,1191416,1,3
0,1,1,0,5407593,7719910,2,3
0,0,0,0,5812814,9718222,1,3
0,1,0,1,2562442,4746437,4,1
1,1,2,1,8779374,2952387,4,4
0,1,2,1,8821550,5748821,1,3
0,0,0,0,9871697,8115908,5,3
0,0,1,0,1016039,9747238,3,2
0,0,0,0,6186715,5584627,2,2
1,1,1,1,7046158,3480697,2,3
0,0,0,0,1485636,1565985,1,2
0,0,0,0,8906613,5128150,1,3
0,0,0,0,1626431,7989037,1,1
0,0,0,0,1218461,8039921,6,2
0,0,0,0,9773927,1213348,1,3
0,1,1,1,6270049,7038495,4,3
0,0,0,0,191963,6750865,1,1
0,0,0,0,8290246,8906033,2,4
0,0,0,0,9987093,5840716,2,3
0,0,0,0,8679493,157343,2,3
0,0,0,0,3968442,2900533,1,2
0,0,1,0,9360839,4438180,3,4
0,0,0,0,3247181,5092604,2,3
0,0,0,0,9722834,8854618,2,4
0,0,1,0,5625034,7414401,1,4
0,0,0,0,5792311,5544309,1,4
0,1,0,0,8245509,406779,4,4
0,1,0,1,1984109,1189451,1,2
0,0,0,0,6188848,7240100,4,4
0,0,0,0,2245266,9217513,5,2
0,0,0,0,252195,1897962,3,2
0,0,0,0,7563768,8485045,2,3
0,0,0,0,6380486,7402285,1,4
0,0,0,0,578591,664361,4,3
0,0,0,0,6736833,2645973,4,3
0,0,0,0,6914272,2715479,2,3
0,0,0,0,7451022,4608083,5,4
0,0,0,0,1240408,1657588,1,2
0,0,0,0,1511461,7529529,2,3
0,1,0,0,1774004,4470801,2,3
0,0,0,0,88680,830601,1,3
1,1,2,1,6336805,5731440,3,2
0,1,2,0,3726873,9398600,2,2
0,0,0,0,2776726,8216125,3,2
0,0,0,0,1724791,2076892,4,1
0,0,0,0,2036763,4454188,3,2
0,0,0,0,2218329,1994037,1,1
0,1,4,1,2533881,5735599,3,1
0,0,1,0,1700686,8471561,2,1
0,0,1,0,9215187,2223546,2,3
0,0,0,0,3452543,5459625,7,1
0,0,0,0,850946,4941520,6,2
0,0,0,0,3777529,5953116,3,2
0,0,1,0,5432502,5081491,1,3
0,1,2,0,7868756,821265,4,2
0,0,0,0,3202585,8368555,1,3
0,0,0,0,8378943,9363414,1,3
0,0,0,0,9982985,1249617,1,3
0,0,0,0,2134062,5184613,2,3
0,0,0,0,4372211,8504991,1,1
0,0,1,1,3786647,8923550,2,2
0,0,0,0,9654100,6395671,2,3
0,0,0,0,6410058,6210694,1,3
0,0,0,0,8059960,7164888,2,2
1,1,1,1,9189032,7838216,2,4
0,0,0,0,586124,3655079,3,3
0,1,1,0,4775602,8679548,2,3
1,1,2,1,6967621,9089197,5,4
0,0,0,0,446638,4979261,2,1
0,0,0,0,7567231,7007433,4,4
0,0,0,1,5915711,4291228,1,2
0,0,0,0,5100519,526582,2,2
1,1,1,1,4525232,7567258,2,2
0,1,4,1,254776,1753513,2,2
1,1,2,1,9616763,6989726,2,3
0,0,0,0,9874555,6447237,1,2
0,0,0,0,6342491,3270822,4,3
0,0,0,0,4254672,9146791,3,2
0,0,1,0,2665795,6572939,2,1
1,1,1,1,805555,7389469,7,3
0,1,1,0,3300840,2305318,3,2
0,0,0,0,8938940,8981334,4,2
0,0,0,0,3066216,6008223,7,3
0,0,0,0,4023535,7187467,2,1
0,1,1,1,5736910,3877797,1,2
0,0,0,0,5968839,486398,1,2
0,0,0,0,5699173,4875010,1,2
0,0,0,0,2180331,6720680,1,1
1,1,4,1,8199829,3134787,4,3
0,0,1,0,366494,7560509,2,1
0,0,0,0,6254730,4461928,4,3
0,0,0,0,4334028,2134411,3,3
0,0,1,0,3568634,693286,3,2
1,1,5,1,7735316,7855021,3,3
0,0,0,0,1734216,8953513,1,2
0,0,1,0,4931222,9680082,1,2
0,0,0,0,7370591,5826895,2,3
0,0,0,0,5109110,6001696,1,3
0,0,0,0,4750032,6228094,2,3
0,0,0,0,5877962,4173961,3,4
0,1,2,1,5724363,8586942,2,2
0,0,0,0,6548021,3065502,1,3
0,1,0,0,8649727,3871313,1,3
0,1,1,1,3967762,7435290,2,1
0,0,0,0,9599463,4871588,3,3
0,0,0,0,3808099,3682922,4,3
0,1,1,0,1700582,2287811,2,1
0,0,0,0,2315639,9721172,4,2
0,0,0,0,9497517,9813013,4,3
0,0,0,0,834934,3685355,2,2
0,0,0,0,1930098,8035514,4,3
0,1,2,1,746821,7710008,1,3
0,0,1,0,6049085,8413031,2,3
0,0,1,0,2158045,5620788,2,2
0,0,0,0,5878826,1181622,2,2
0,0,0,0,2288569,107474,3,2
0,0,0,0,3908556,616350,8,3
0,0,0,0,3478439,5245808,2,2
0,1,2,0,9182156,4160835,3,3
0,0,0,0,1120192,150712,2,2
0,0,0,0,2549307,5675322,1,2
0,0,0,0,1865908,3946409,4,1
0,0,0,0,7454103,2448090,3,4
0,0,0,0,9328019,8615233,2,4
0,0,0,0,4946234,9550488,1,2
0,0,0,0,6448782,8203697,1,3
0,0,0,0,1757711,4709421,3,2
1,1,5,1,6028866,6584917,3,3
0,0,0,0,8875985,2364569,1,3
0,1,0,1,4901215,7003870,4,2
0,0,1,0,183803,3384561,1,2
0,1,4,1,1793586,815548,1,3
0,1,1,1,2993374,9856902,1,3
0,1,1,0,2769143,1656879,3,3
0,0,0,0,615984,7060835,4,2
0,0,0,0,3552574,5244662,5,3
0,0,0,0,5769338,8468513,3,3
0,0,1,1,5349351,3831927,3,4
0,0,0,0,6041639,7916983,1,4
1,1,1,1,4860613,7882884,2,2
0,0,1,0,1316028,9032123,3,2
0,0,0,0,9643958,6238828,2,3
0,0,0,0,7423274,7148385,1,4
0,0,0,0,3667731,5567912,2,1
0,1,1,1,1507980,4521315,3,1
1,1,8,1,2268986,6416730,3,2
0,0,1,0,7449818,3113024,2,3
0,0,0,0,505833,3475256,2,1
0,1,0,0,5938856,5794565,3,4
0,1,3,1,1532229,131145,1,3
0,0,0,0,7626423,5653464,1,3
1,1,2,1,9951003,344991,4,2
0,1,1,1,1739665,7559141,1,2
0,0,0,0,6190183,1790877,1,3
1,1,3,1,5378853,5529309,4,4
0,0,0,0,8181093,9699294,3,2
0,0,0,0,3216883,2297711,1,1
1,1,1,1,5822208,4950972,4,4
0,1,1,1,709195,3454295,6,2
0,0,0,0,5705399,6588767,4,2
0,0,0,0,5605749,6013621,1,2
0,0,0,0,4340917,3906571,1,2
1,1,2,1,9617730,3896009,2,4
0,0,0,0,7111416,5504854,1,4
0,1,0,0,2584223,8431107,5,1
0,1,0,0,9255081,233759,1,4
0,0,0,0,4207346,8758393,1,1
0,0,0,0,8161512,1379739,5,4
0,0,0,0,7545267,4195707,3,3
0,0,0,0,4120677,5407399,3,1
0,0,1,1,5143224,3738814,2,2
0,0,1,0,5421852,6810294,2,3
0,0,1,0,9738453,524934,3,3
0,0,0,0,736245,4678052,1,2
0,0,0,1,7693623,7148867,1,3
0,0,0,0,8723943,1937030,1,2
0,0,0,0,9896833,7488411,1,3
0,0,0,0,9649698,6465806,4,2
1,1,0,1,6363040,9277196,1,4
0,0,0,0,653773,6961400,2,2
0,0,0,0,1283911,507308,1,2
0,1,3,1,4926938,1033860,3,1
0,0,0,0,6631223,9027756,3,3
0,1,0,0,1893437,1276673,5,2
0,0,1,0,1775656,4388421,2,3
0,0,0,1,1155390,9977500,1,2
1,1,2,1,1569234,9426745,5,1
1,1,0,1,8572520,9881069,3,3
0,0,0,0,4247818,9798902,2,3
0,1,0,0,8781788,3748422,1,4
1,1,5,1,8246735,9003471,4,3
0,0,0,0,9786379,1356472,4,2
0,0,0,0,6344252,6616854,4,2
0,1,1,1,6913948,4587606,3,2
0,0,0,0,7920360,8767827,4,3
0,0,0,0,341643,9222001,1,3
0,0,0,0,8198410,6883673,5,3
0,1,0,0,6875081,5109308,3,3
0,0,0,0,4316965,8646099,2,3
0,0,0,0,2438304,8032608,3,1
0,0,1,0,81462,7150427,4,2
0,0,0,0,4210276,2001601,2,2
0,0,0,0,7868100,3578931,2,3
0,0,0,0,5954809,9556542,2,3
1,1,2,1,9847789,5543637,1,4
0,0,0,0,5279447,2318918,2,3
0,0,0,0,5231805,7654084,1,4
0,0,0,0,7862976,8263654,1,3
0,0,0,0,877060,9380418,1,2
0,1,0,0,2560640,1497743,4,2
0,0,0,0,3565373,8380196,2,3
0,0,0,0,2490088,10461,1,1
0,0,0,0,1749857,1720364,3,2
0,0,0,0,5728145,7129983,2,3
0,0,0,0,4833023,2699930,1,1
0,0,0,0,8097967,3738198,2,2
0,0,0,1,7503740,9007636,2,4
0,1,1,0,3473784,4285407,1,1
0,0,2,0,8067225,2888289,4,3
0,0,0,0,2517168,8338488,4,3
0,0,0,0,5928518,4907415,3,3
0,1,1,1,1561863,2174820,1,3
0,0,0,0,1751266,9072002,4,2
0,1,0,0,2263346,2474793,4,1
0,0,0,0,7918136,6039565,2,2
0,0,0,0,3883031,3723962,8,1
0,1,0,0,9110497,7997697,2,3
0,0,0,0,1218240,6902269,1,1
0,0,0,0,9876481,3957621,1,3
0,0,0,0,7551448,2752648,5,4
0,0,0,0,3107170,8122445,4,2
0,0,0,0,198616,6022915,6,1
0,0,0,0,6821536,5890875,3,4
0,0,0,0,4386528,241339,1,2
0,0,0,0,8835329,7069314,2,3
0,0,0,0,742297,8498107,3,2
0,0,0,0,4535833,8800853,2,2
0,0,0,0,8878673,8007232,1,2
0,0,1,0,7000260,3768501,1,2
0,0,1,0,3045576,515352,1,2
1,1,2,1,5847794,6932208,2,3
0,0,0,0,8702878,9812270,2,3
0,0,0,0,4464384,9380045,1,1
0,1,1,1,3373087,7268691,3,2
0,0,0,0,5668004,9318416,2,3
0,0,0,0,4156856,2888870,1,1
0,0,0,0,8325015,5961504,1,4
0,0,0,0,1536782,1415686,1,2
0,1,0,0,6585230,3388911,3,4
0,1,1,0,10267,7918662,2,2
0,0,0,0,3203896,209128,2,2
0,0,0,0,9499508,1718727,3,4
0,1,1,0,125502,2599461,1,3
0,0,0,0,790756,4167872,1,2
0,0,0,0,2132475,5213612,1,2
0,0,0,0,9946522,2657180,6,3
0,0,1,0,4919451,3483634,1,2
0,1,1,1,6275135,3329223,2,2
1,1,2,1,59602,9696109,5,2
0,0,0,0,2857990,8323763,1,3
0,0,1,0,9862905,724606,4,3
0,1,2,1,7575464,131631,1,4
0,0,1,0,682619,7652752,2,1
0,0,1,0,8106076,6638096,1,3
0,1,5,1,1228477,1115760,2,2
1,1,3,1,4098393,4854642,2,3
0,0,0,0,9273645,3798208,1,2
0,0,1,0,5541012,1128436,3,2
0,0,0,0,142639,5096338,2,2
0,0,0,0,9671781,2304889,2,3
0,0,0,0,7699165,6375572,1,2
1,1,1,1,799370,4846971,6,2
0,0,1,0,3653491,7948165,3,3
0,0,0,0,4803334,3558433,2,1
0,0,0,0,6756296,7248682,2,3
0,0,0,0,7862947,6761837,2,2
0,0,0,0,8099008,9022746,3,3
0,0,0,0,786623,7526402,2,1
0,0,0,0,1688817,2815550,8,2
1,1,2,1,367257,7879194,5,2
0,0,0,0,2400956,5685538,3,2
1,1,1,1,9120176,8854086,3,4
0,1,0,0,13633,2804995,1,1
1,1,1,1,2272562,7121420,3,3
0,0,1,0,1682302,2168915,2,2
0,0,0,0,1497333,4390806,2,1
0,0,0,0,6479707,477649,2,4
0,0,1,0,4854778,6598776,2,1
0,0,0,0,6931089,2377301,3,2
0,1,0,0,2896129,37786,5,1
0,1,1,1,9784803,3061313,1,3
0,1,0,1,2880700,677064,2,3
0,0,0,0,5256616,2434224,1,2
0,1,0,1,778071,4545131,2,2
0,0,1,0,6784209,7058173,3,3
0,1,1,1,1819141,7642547,1,1
0,0,0,0,5297006,2805392,4,2
1,1,2,1,8015215,2894533,3,3
0,0,0,0,3131257,6665739,2,2
0,1,0,1,6911376,2629979,1,3
1,1,6,1,7728926,7489658,4,3
0,0,0,0,2617422,6391662,2,2
0,0,0,0,6786266,3322578,1,3
0,0,0,0,9919480,4630980,3,3
0,0,1,0,5513789,2173633,2,3
0,0,0,0,9305011,5521090,3,3
0,0,0,0,2073635,6612737,1,2
0,1,5,1,2299137,851470,1,2
1,1,2,1,4838911,2056059,3,2
0,0,0,0,4609684,7079892,3,2
1,0,0,1,7825667,5834707,3,3
0,0,0,0,6052,4487920,2,3
0,0,0,0,7504750,7746692,2,3
0,0,2,0,8305681,5289886,1,3
0,0,0,0,3146090,9622805,1,3
0,0,0,0,7118922,8310014,2,3
0,0,0,0,2516617,7471297,1,2
0,1,1,0,3092862,9940983,2,2
0,0,0,0,6958168,4956196,2,3
0,0,0,0,4230117,3109275,1,1
0,0,1,0,8527209,1148422,2,3
0,0,0,0,5342938,6589259,1,2
0,1,0,0,5480686,2599314,1,4
0,0,0,0,8453758,9648275,4,3
0,1,3,1,3769541,7872027,1,1
0,0,0,0,1660107,726847,2,2
0,0,0,0,1892104,7011968,4,2
0,0,2,0,8566971,7414280,2,3
0,0,0,0,3374360,6115463,2,2
0,0,0,0,7748737,6502224,1,3
0,0,0,0,690565,4950585,2,2
0,0,0,0,2409012,3478510,1,1
1,1,1,1,2427534,4238202,4,1
0,0,0,0,3870357,8868185,1,2
